Country,Year,Air_Pollution_Index,Water_Pollution_Index,Soil_Pollution_Index,Industrial_Waste (in tons),Energy_Recovered (in GWh),CO2_Emissions (in MT),Renewable_Energy (%),Plastic_Waste_Produced (in tons),Energy_Consumption_Per_Capita (in MWh),Population (in millions),GDP_Per_Capita (in USD),Energy_Recovered_Per_Capita,Average_Pollution_Index,Energy_Efficiency_Score,Air_Severity,Water_Severity,Soil_Severity,Overall_Severity,Energy_Recovery_Level,Energy_Consumption_Level
Hungary,2005,0.8980415909549768,0.5537784648314407,0.2954808806488992,94802.83,158.14,5.3,41.11,37078.88,12.56,42.22,20972.96,0.04541421765005695,0.7411816273329179,0.040608914100291556,High,Medium,Low,Medium,Low_Recovery,High_Consumption
Singapore,2001,0.1470623864324652,0.17367263214222012,0.7681778679026651,56283.92,498.04,6.34,36.44,33128.2,5.23,137.25,34850.41,0.04396618543634218,0.3152236602302349,0.2949788293767323,Low,Low,Medium,Low,High_Recovery,Low_Consumption
Romania,2016,0.16672723601857467,0.310541649325168,0.8007676709154113,56256.02,489.51,49.69,9.38,18803.46,13.15,124.47,57773.15,0.047732039846018384,0.3899462477218722,0.12604007612916196,Low,Low,Medium,Low,High_Recovery,High_Consumption
Cook Islands,2018,0.929981829194428,0.21422201082109515,0.5969727694090382,74864.73,145.18,8.91,18.97,9182.27,0.78,67.8,21837.51,0.025543560046772246,0.7237179043532422,0.3010124155931446,High,Low,Low,Medium,Low_Recovery,Low_Consumption
Djibouti,2008,0.5203311124570968,0.5731613056662108,0.7995365005793743,76862.06,40.38,14.93,34.0,39235.12,12.84,186.52,41379.37,0.0017034514898260006,0.6934735967887051,0.008031775210375243,Medium,Medium,Medium,Medium,Low_Recovery,High_Consumption
Croatia,2009,0.40807591358772477,0.17801296153160118,0.5475086906141368,58079.8,136.26,33.39,39.49,12191.7,18.14,103.43,35092.93,0.015339150731385412,0.39573672918541075,0.02368399598119278,Medium,Low,Low,Low,Low_Recovery,High_Consumption
Congo,2008,0.9772259236826168,0.7474879600451869,0.18286500579374274,67774.76,199.71,35.29,26.17,9450.05,16.5,182.09,52050.07,0.012606274260570793,0.8257088149122198,0.03967666405915045,High,Medium,Low,Medium,Medium_Recovery,High_Consumption
Central African Republic,2006,0.6424793054714316,0.9335275581187942,0.8860805330243338,70552.49,499.98,29.04,47.64,26605.75,2.4,73.43,16491.9,0.0833555781663224,0.9306526403211293,0.5449928365453615,High,Medium,Medium,Medium,High_Recovery,Low_Consumption
Swaziland,2007,0.8856450635978197,0.18550448897080685,0.43482039397450756,43280.42,495.28,28.55,11.47,2137.98,12.42,11.26,55594.15,0.5438176264380218,0.6355918518005859,0.134652311658551,High,Low,Low,Medium,High_Recovery,High_Consumption
Sri Lanka,2002,0.7336563698768425,0.7383316487306023,0.24507531865585172,11306.14,472.63,48.35,45.31,49211.55,16.79,77.21,11627.65,0.0748394517839844,0.7028168039310678,0.09613567805183904,High,Medium,Low,Medium,High_Recovery,High_Consumption
Macedonia,2000,0.8279022814455888,0.2306914798739521,0.7165411355735806,79453.7,475.07,37.72,16.61,48383.61,1.75,93.61,21711.69,0.061879466076143384,0.7098761159941864,0.6407347079245871,High,Low,Medium,Medium,High_Recovery,Low_Consumption
Ukraine,2014,0.955017161316374,0.23794518104524648,0.646654113557358,55446.58,120.54,18.65,21.36,29979.43,16.44,9.13,45198.31,0.16254607900677895,0.7630516529402265,0.022911255753264765,High,Low,Medium,Medium,Low_Recovery,High_Consumption
Northern Mariana Islands,2001,0.21744397334948526,0.26154943813544207,0.8316193511008112,50964.59,177.48,2.76,13.25,41175.33,2.73,73.92,44922.7,0.028759834772667504,0.4097400050753223,0.17442336585203602,Medium,Low,Medium,Medium,Medium_Recovery,Low_Consumption
Madagascar,2014,0.6110640016151828,0.2249836494440811,0.21530996523754345,66095.66,202.49,38.66,46.28,41961.9,12.1,129.99,9568.21,0.018315716943692637,0.42411239532147554,0.05474682792976415,High,Low,Low,Medium,Medium_Recovery,Medium_Consumption
Thailand,2000,0.47466182111851407,0.8372079196147214,0.07198725376593279,53856.15,77.26,16.82,19.86,37761.68,12.5,141.27,46948.03,0.005795748139099234,0.5380764528110362,0.01848275021754899,Medium,Medium,Low,Medium,Low_Recovery,High_Consumption
Greece,2016,0.4850393700787402,0.8386348772221893,0.6257242178447276,60391.66,367.65,44.98,43.74,20940.92,1.73,112.59,20850.54,0.039466218292666826,0.7209495466814311,0.4988627094805083,Medium,Medium,Low,Medium,High_Recovery,Low_Consumption
South Africa,2007,0.2202301635372502,0.35311255128128904,0.5154982618771726,93418.48,265.15,41.19,19.61,19466.77,4.45,154.94,13376.69,0.020217821227042975,0.3461600572127252,0.17840807403799816,Medium,Low,Low,Low,Medium_Recovery,Low_Consumption
Slovenia,2010,0.4134463961235616,0.7806052678518342,0.8027230590961761,90346.01,342.22,38.16,26.94,33203.03,7.08,28.54,63568.73,0.1475378254597316,0.7139133042655779,0.15494770878158942,Medium,Medium,Medium,Medium,Medium_Recovery,Medium_Consumption
Maldives,2005,0.14286291136684845,0.11445389143230872,0.6134125144843569,55458.05,437.62,42.32,7.94,36436.96,16.8,67.65,45490.22,0.07914381840855839,0.24054721203312796,0.08875276602561705,Low,Low,Low,Low,High_Recovery,High_Consumption
Oman,2013,0.5869573995558248,0.07259646827992156,0.6952491309385864,99688.18,346.4,4.18,10.08,8780.52,14.89,108.39,2962.54,0.038605151904347934,0.504094862389554,0.07837560519355109,Medium,Low,Medium,Medium,High_Recovery,High_Consumption
Solomon Islands,2012,0.7735513830002021,0.9593317081871692,0.2673088064889919,84640.55,214.49,24.07,26.54,29098.99,8.34,130.16,53765.57,0.019432409379385906,0.8184418760237155,0.08271492354585686,High,Medium,Low,Medium,Medium_Recovery,Medium_Consumption
Malaysia,2005,0.6279022814455887,0.49123015637077116,0.6491164542294322,41821.99,290.72,6.98,43.06,42170.74,2.86,147.74,35020.47,0.023394431231078414,0.6752255058020162,0.2777445794326435,High,Medium,Medium,Medium,Medium_Recovery,Low_Consumption
Heard Island and McDonald Islands,2018,0.5144356955380578,0.0,0.5309965237543453,63690.84,218.97,43.11,17.7,3189.13,13.84,150.7,67973.15,0.017018734551073306,0.3821717765935357,0.05213211774081205,Medium,Low,Low,Low,Medium_Recovery,High_Consumption
Bulgaria,2007,0.16810014132848786,0.8596230453653607,0.2642670915411356,82789.34,163.07,17.13,20.69,13587.58,11.14,174.36,42323.5,0.010605777428218225,0.4328788612822108,0.04720365719570858,Low,Medium,Low,Medium,Low_Recovery,Medium_Consumption
Angola,2016,0.6908944074298407,0.9615910577323267,0.1822856315179606,33021.64,306.63,21.27,30.86,41066.78,6.77,140.87,25961.41,0.02598188800569421,0.7450111887789235,0.14417893134486356,High,Medium,Low,Medium,Medium_Recovery,Medium_Consumption
Togo,2000,0.9299010700585504,0.850407277483798,0.06105156431054459,24831.53,230.09,11.28,27.86,3099.9,19.31,150.88,34153.53,0.01791010369276929,0.79980160103352,0.039367091200966244,High,Medium,Low,Medium,Medium_Recovery,High_Consumption
Senegal,2003,0.6009691096305271,0.36845234556156725,0.13021436848203938,55017.0,74.57,11.24,23.26,23468.74,4.66,152.42,31088.73,0.005081640208889908,0.44690520681938767,0.04624420749499522,Medium,Low,Low,Medium,Low_Recovery,Low_Consumption
Portugal,2004,0.06828184938421158,0.3120875200665914,0.10356315179606024,38131.24,329.71,3.85,37.14,24073.48,1.39,64.77,18795.9,0.06207122171662934,0.11221076429741378,0.5110955871245462,Low,Low,Low,Low,Medium_Recovery,Low_Consumption
Western Sahara,2014,0.3805774278215225,0.901064272548903,0.4533603707995365,55473.63,294.71,29.0,9.81,24075.18,3.88,179.69,48327.99,0.019335893674944368,0.6305857383440607,0.22214428342580078,Medium,Medium,Low,Medium,Medium_Recovery,Low_Consumption
Bouvet Island (Bouvetoya),2015,0.13224308499899054,0.8837624115583568,0.4507531865585168,74713.26,345.18,48.99,30.03,47438.46,1.73,101.21,68223.85,0.04126394161506586,0.48116363300805115,0.4681998375759372,Low,Medium,Low,Medium,Medium_Recovery,Low_Consumption
Costa Rica,2016,0.015505754088431273,0.5739936976039004,0.7019119351100811,36640.85,109.13,26.92,8.19,46161.73,5.84,85.16,57461.37,0.014893976220784295,0.37428195722887386,0.0565999382793205,Low,Medium,Medium,Low,Low_Recovery,Medium_Consumption
Mozambique,2005,0.5264688067837676,0.2709435757179381,0.49051274623406715,45787.94,77.67,5.3,18.6,12066.23,15.27,11.84,26750.95,0.08027193749192815,0.4812789812443767,0.014946805381013145,Medium,Low,Low,Medium,Low_Recovery,High_Consumption
Brunei Darussalam,2012,0.9167373309105593,0.17813187466555686,0.31677288528389336,96022.62,347.38,36.48,25.74,34333.74,3.78,75.19,51574.05,0.056244426203820926,0.612891318891734,0.2679005119704172,High,Low,Low,Medium,High_Recovery,Low_Consumption
Georgia,2005,0.6896426408237434,0.7657411261073785,0.14592989571263038,1019.37,450.34,30.63,31.57,19808.49,7.71,91.03,2210.61,0.06029617860237731,0.6567236486954113,0.1897795186726335,High,Medium,Low,Medium,High_Recovery,Medium_Consumption
Argentina,2017,0.8331516252776097,0.5098995184018075,0.9748696407879489,4431.63,455.69,39.62,15.74,13499.94,3.72,100.79,18908.07,0.055020140104428364,0.9034996654901144,0.3568288778282503,High,Medium,Medium,Medium,High_Recovery,Low_Consumption
Liberia,2019,0.6100545124167173,0.3954456269694988,0.014122247972190027,29163.73,220.73,35.63,15.97,26756.89,5.25,166.08,41134.16,0.015483389128802394,0.4255888527464415,0.12873150204005782,High,Low,Low,Medium,Medium_Recovery,Low_Consumption
Mexico,2017,0.1779123763375732,0.751531006599679,0.9775492468134415,2613.94,455.41,21.93,12.16,22019.35,11.85,94.56,11083.46,0.05867284853775183,0.623757122753593,0.12919221026873007,Low,Medium,Medium,Medium,High_Recovery,Medium_Consumption
Hong Kong,2012,0.9089440742984052,0.12289672394315954,0.27773754345307067,14373.49,387.32,42.54,26.71,14795.21,3.1,106.85,32812.03,0.04391897074260506,0.574572634784414,0.34909421568781374,High,Low,Low,Medium,High_Recovery,Low_Consumption
Bosnia and Herzegovina,2019,0.6042802342014941,0.5247042035792853,0.11848203939745075,89142.13,331.55,13.72,7.97,39966.8,15.93,165.25,48836.53,0.0238721826887899,0.5056866680508454,0.0701190305923294,Medium,Medium,Low,Medium,Medium_Recovery,High_Consumption
Paraguay,2000,0.8848778518069857,0.42101195076996256,0.4361964078794901,1650.31,286.77,29.18,14.37,19409.2,12.83,179.99,25659.6,0.018755657266330446,0.7269707246176205,0.07440986110690867,High,Medium,Low,Medium,Medium_Recovery,High_Consumption
Netherlands,2017,0.5352715525943874,0.943040608835246,0.0,98455.05,87.44,31.54,36.23,16126.59,7.83,90.94,4649.29,0.010931078085552645,0.5908367361063049,0.03405356958197491,Medium,Medium,Low,Medium,Low_Recovery,Medium_Consumption
Tokelau,2002,0.7583282858873411,0.026220346037219816,0.08314020857473928,22267.46,43.23,46.43,24.4,26747.54,3.58,74.26,25920.28,0.0062323174886427714,0.3890234618312685,0.032325954126637024,High,Low,Low,Low,Low_Recovery,Low_Consumption
Cyprus,2000,0.09287300625883307,0.3443129793685713,0.006590382387022017,32175.56,271.15,31.1,49.11,47815.6,17.65,134.99,44901.05,0.023900834564485343,0.10787367061157632,0.05132550684299327,Low,Low,Low,Low,Medium_Recovery,High_Consumption
Germany,2011,0.6644457904300425,0.8629526131161188,0.21190614136732325,77380.78,362.53,25.32,30.52,5319.53,2.07,138.95,66905.79,0.03133722809152213,0.7010635107389207,0.43708677646991256,High,Medium,Low,Medium,High_Recovery,Low_Consumption
Kyrgyz Republic,2007,0.9093478699777915,0.7775135263689875,0.4177288528389339,94391.44,100.23,36.73,20.4,26799.02,0.64,195.64,4361.33,0.005367481355089716,0.8733937758091677,0.22484318436418146,High,Medium,Low,Medium,Low_Recovery,Low_Consumption
Belize,2010,0.5431859479103575,0.45537784648314406,0.788311123986095,82411.41,421.37,25.39,36.24,18014.49,18.56,176.74,21124.82,0.028551129800436045,0.6572542505825085,0.07741653711343273,Medium,Medium,Medium,Medium,High_Recovery,High_Consumption
Nigeria,2001,0.0,0.11492954396813132,0.49703070683661643,91992.1,81.31,40.59,12.79,42289.84,14.28,38.48,45087.31,0.02519363631277593,0.1220384340323436,0.016986527443192664,Low,Low,Low,Low,Low_Recovery,High_Consumption
Colombia,2004,0.9454068241469817,0.5170343064391463,0.36826477404403246,51615.88,24.45,44.3,35.13,30719.04,12.08,176.91,6301.04,0.000733827393207927,0.7771702770664635,0.004126204512833607,High,Medium,Low,Medium,Low_Recovery,Medium_Consumption
British Indian Ocean Territory (Chagos Archipelago),2014,0.6837876034726429,0.31232534633450265,0.6982908458864426,57496.15,166.16,12.4,38.27,32777.26,6.03,18.37,14373.22,0.11105312282566018,0.6534016194892378,0.08521532818615735,High,Low,Medium,Medium,Low_Recovery,Medium_Consumption
Kazakhstan,2014,0.43436301231576835,0.0017836970093347004,0.02382676709154112,57589.57,486.72,15.23,37.04,13993.23,14.02,78.75,44334.07,0.07557286079778021,0.17556001568736018,0.11788312609077388,Medium,Low,Low,Low,High_Recovery,High_Consumption
United States Virgin Islands,2004,0.4234605289723401,0.6746536654973542,0.07300115874855156,10334.43,480.99,10.48,42.65,13881.14,15.95,36.58,53763.57,0.16188170690712372,0.44607469951784434,0.10287796832650187,Medium,Medium,Low,Medium,High_Recovery,High_Consumption
Libyan Arab Jamahiriya,2018,0.8819301433474662,0.3767762649384625,0.7526796060254924,46576.61,158.64,6.79,10.14,40214.66,9.78,191.69,42314.61,0.009272297589090194,0.8089371813504969,0.05198589658091577,High,Low,Medium,Medium,Low_Recovery,Medium_Consumption
Micronesia,2017,0.7030486573793662,0.09513050716451632,0.13977404403244495,16454.6,375.35,23.78,31.82,13139.52,2.97,16.31,12532.38,0.2840606197754682,0.40221930006690193,0.3493859395495809,High,Low,Low,Medium,High_Recovery,Low_Consumption
Niger,2002,0.43181909953563513,0.35876092514418223,0.26187717265353416,27233.83,412.63,40.04,19.64,29416.75,3.29,33.79,23259.87,0.15027149064477005,0.3884467206496412,0.35548646003685,Medium,Low,Low,Low,High_Recovery,Low_Consumption
Guinea-Bissau,2003,0.946133656369877,0.8643795707235863,0.3895567786790266,89072.91,322.06,37.14,9.39,23324.88,5.78,23.29,22818.52,0.17029487836644042,0.9191408863358477,0.17412423703083565,High,Medium,Low,Medium,Medium_Recovery,Medium_Consumption
Lithuania,2012,0.4854835453260651,0.18247220405493786,0.5424391657010429,25735.83,371.79,11.16,25.03,33926.91,9.28,30.44,59304.65,0.15029951051070364,0.44007659122892,0.13189638364955739,Medium,Low,Low,Medium,High_Recovery,Medium_Consumption
Gambia,2005,0.7747627700383607,0.2589333491884179,0.17576767091541137,26368.14,84.46,31.15,18.86,12468.95,5.17,30.95,56191.53,0.03282165137742193,0.5182134865157912,0.04815870767387803,High,Low,Low,Medium,Low_Recovery,Low_Consumption
Bahamas,2002,0.3526347668079952,0.265592484689934,0.89984067207416,30729.94,102.09,21.32,23.26,33758.55,3.9,41.65,19730.67,0.02938118200963014,0.5102775278565992,0.0747799268603031,Medium,Low,Medium,Medium,Low_Recovery,Low_Consumption
Tajikistan,2013,0.8110640016151829,0.962126166835127,0.24522016222479723,57478.23,74.46,3.23,31.92,38639.62,13.99,190.47,49159.76,0.0038639687040399233,0.833921609338593,0.015667649695874756,High,Medium,Low,Medium,Low_Recovery,High_Consumption
Zimbabwe,2011,0.9152432868968303,0.3400915631131458,0.3785486674391657,57337.43,22.84,18.13,35.85,26237.64,12.13,5.52,26014.06,0.050270198860691215,0.6945578702101645,0.0036428781776209544,High,Low,Low,Medium,Low_Recovery,Medium_Consumption
Estonia,2001,0.843932969917222,0.17920209287115763,0.004490150637311688,22526.29,493.12,40.5,31.84,34047.05,14.49,83.89,37875.0,0.07182744915889067,0.47223567951646,0.1157594213705027,High,Low,Low,Medium,High_Recovery,High_Consumption
Zambia,2015,0.5803755299818293,0.4217848861406742,0.9797943221320973,8642.95,312.3,11.4,41.89,49664.13,12.43,136.8,25262.43,0.027297338044481402,0.7264631923777884,0.08379246094947204,Medium,Medium,Medium,Medium,Medium_Recovery,High_Consumption
French Guiana,2019,0.4283060771249749,0.4169094476484928,0.7163238702201622,33144.51,306.75,32.39,19.73,16006.86,2.22,186.41,10916.51,0.019403567085841053,0.5537638129512998,0.352058447710655,Medium,Medium,Medium,Medium,Medium_Recovery,Low_Consumption
Grenada,2010,0.2557238037552999,0.7535525298769249,0.3818076477404403,48770.78,310.06,34.81,34.02,1023.61,16.62,95.31,10449.51,0.03931494116797014,0.4792257826377834,0.0627184179962597,Medium,Medium,Low,Medium,Medium_Recovery,High_Consumption
Australia,2012,0.7718958207147185,0.36226886259587376,0.980228852838934,49339.36,302.22,13.47,7.77,919.57,6.37,84.61,20417.83,0.04326281878426183,0.8129282303273582,0.14992894466388776,High,Low,Medium,Medium,Medium_Recovery,Medium_Consumption
Cambodia,2001,0.9175045427013933,0.3981806290504786,0.24225086906141372,90003.39,123.15,4.32,14.79,3863.62,8.67,147.8,54737.74,0.009342083198663125,0.6749717396821002,0.04460634490161361,High,Low,Low,Medium,Low_Recovery,Medium_Consumption
Pitcairn Islands,2013,0.08338380779325663,0.4488376241155836,1.0,70581.94,22.78,15.71,11.25,20856.81,11.38,5.27,29427.62,0.052560311673255616,0.45945509493159836,0.004017417615006855,Low,Medium,Medium,Medium,Low_Recovery,Medium_Consumption
Israel,2005,0.6027458106198265,0.5708424995540757,0.19365585168018543,82132.01,48.94,27.95,31.13,26500.58,4.24,38.62,64542.61,0.014717465918887047,0.5466583615936511,0.031956506742905136,Medium,Medium,Low,Medium,Low_Recovery,Low_Consumption
Iran,2003,0.5476680799515447,0.9831143349782984,0.7372537659327926,10441.04,392.11,38.58,38.97,34432.23,19.74,5.39,12249.01,0.9000542792467555,0.8483170692320112,0.0675947000404876,Medium,Medium,Medium,Medium,High_Recovery,High_Consumption
Falkland Islands (Malvinas),2011,0.25903492832626696,0.6866638920268744,0.08690614136732328,64583.21,75.7,6.58,41.44,17900.06,19.55,160.6,16033.46,0.004860148310449777,0.36122453687683104,0.010885682497173236,Medium,Medium,Low,Low,Low_Recovery,High_Consumption
Netherlands Antilles,2019,0.004320613769432685,0.81621975147155,0.6669322132097335,4699.79,424.61,17.33,39.07,36399.91,12.57,167.15,35733.42,0.03048540209580101,0.4507347682653931,0.11373136912791369,Low,Medium,Medium,Medium,High_Recovery,High_Consumption
Saint Pierre and Miquelon,2007,0.7494851605087827,0.7218621796777454,0.20299826187717265,81025.78,239.69,20.41,34.74,12968.86,17.32,104.4,58378.58,0.027458185032315775,0.6920663483055343,0.045903719829758466,High,Medium,Low,Medium,Medium_Recovery,High_Consumption
Aruba,2013,0.005976176054916238,0.8059932219513645,0.38622537659327927,38773.06,328.29,28.88,25.38,2185.07,19.74,67.84,55862.36,0.05895877064654626,0.3582946916741642,0.056131115155824564,Low,Medium,Low,Low,Medium_Recovery,High_Consumption
Mali,2004,0.526307288512013,0.5546108567691301,0.9662514484356894,78232.07,100.15,48.05,18.12,31160.16,10.4,116.16,39547.21,0.009700678168844677,0.7427965026414742,0.029890376470551067,Medium,Medium,Medium,Medium,Low_Recovery,Medium_Consumption
India,2005,0.5234807187563094,0.8587906534276711,0.9409038238702201,92265.28,199.86,41.77,32.7,3315.65,9.55,131.5,48586.05,0.01784645552521356,0.8511315661983527,0.06773662660414939,Medium,Medium,Medium,Medium,Medium_Recovery,Medium_Consumption
Panama,2001,0.37738744195437113,0.1914501456685891,0.15252027809965238,34104.57,242.18,10.51,25.12,29909.86,12.72,157.58,66722.17,0.01805728833668166,0.257595681362032,0.062921655802557,Medium,Low,Low,Low,Medium_Recovery,High_Consumption
Guernsey,2003,0.20613769432667076,0.8019501753968725,0.7300115874855156,88099.46,90.26,41.86,14.25,44751.36,4.56,97.74,59378.81,0.01045989251937012,0.5805938127206034,0.05763982505629148,Medium,Medium,Medium,Medium,Low_Recovery,Low_Consumption
Saint Lucia,2009,0.8107005855037352,0.7397586063380701,0.7467410196987254,43996.14,120.87,46.19,44.48,11232.82,1.53,133.51,50165.75,0.010235153822725872,0.9071908090525294,0.17514212178497146,High,Medium,Medium,Medium,Low_Recovery,Low_Consumption
Albania,2006,0.41150817686250774,0.4713716630001784,0.5488847045191193,93094.36,210.21,24.48,18.49,30169.56,2.7,106.5,49456.28,0.023469012815346628,0.5119616121069508,0.20881526509467144,Medium,Medium,Low,Medium,Medium_Recovery,Low_Consumption
Cape Verde,2013,0.10640016151827184,0.0031511980498246106,0.11551274623406721,12933.51,484.72,24.25,40.75,6528.61,3.41,110.15,56378.04,0.0535259525841225,0.017925115924977475,0.4066349614451623,Low,Low,Low,Low,High_Recovery,Low_Consumption
British Virgin Islands,2013,0.4289117706440543,0.4193471668945835,0.479577056778679,77268.62,463.46,2.74,35.58,47910.87,16.95,92.14,29796.89,0.06132164344281472,0.4796410362885552,0.09335029672615103,Medium,Medium,Low,Medium,High_Recovery,High_Consumption
Indonesia,2003,0.5897032101756513,0.12919912004280876,0.29461181923522595,75020.19,475.6,7.65,46.33,4776.13,18.27,113.88,64206.15,0.05074884241159254,0.4000046139294529,0.08910838411881011,Medium,Low,Low,Medium,High_Recovery,High_Consumption
Tunisia,2011,0.26258833030486584,0.8961888340567216,0.35711181923522595,85098.34,119.05,8.61,47.15,30431.95,10.2,179.76,9043.03,0.007224761494947661,0.5306249567444112,0.0367614089116492,Medium,Medium,Low,Medium,Low_Recovery,Medium_Consumption
Japan,2016,0.5399959620432063,0.6307152625007433,0.04446697566628041,92936.66,338.96,23.57,37.3,19109.94,3.62,61.99,10055.02,0.06674688858371722,0.486515791173553,0.27048714805378177,Medium,Medium,Low,Medium,Medium_Recovery,Low_Consumption
Benin,2019,0.5688269735513831,0.5330281229561805,0.6676564310544613,63754.82,109.39,43.4,46.18,38310.96,18.49,158.06,2199.18,0.007593943065171343,0.663598403580409,0.0180716859425138,Medium,Medium,Medium,Medium,Low_Recovery,High_Consumption
Italy,2003,0.6164748637189583,0.31238480290148046,0.9784907300115875,63587.17,110.24,44.9,49.56,32571.34,1.55,46.13,25026.48,0.028621040679620048,0.7042240524142385,0.15821641620127558,High,Low,Medium,Medium,Low_Recovery,Low_Consumption
Equatorial Guinea,2006,1.0000000000000002,0.4851655865390333,0.23095307068366164,6358.67,96.77,23.66,31.22,40258.4,7.6,75.01,48682.5,0.015000796597574093,0.7522550580201628,0.03908181367435188,High,Medium,Low,Medium,Low_Recovery,Medium_Consumption
San Marino,2015,0.40000000000000013,0.24698257922587552,0.431851100811124,52913.95,477.8,40.89,32.52,9646.05,4.59,58.34,10591.96,0.10046009900616981,0.38104136387754645,0.31558714342376726,Medium,Low,Low,Low,High_Recovery,Low_Consumption
France,2014,0.20440137290531,0.8610500029728282,0.006952491309385855,32612.34,225.25,46.46,27.97,5986.83,5.4,169.26,31493.72,0.015504873120647135,0.37220568897501555,0.12827891303579064,Medium,Medium,Low,Low,Medium_Recovery,Medium_Consumption
Botswana,2012,0.5561477892186555,0.04150068375052024,0.7970741599073001,56926.38,312.36,3.75,43.14,9621.02,12.53,30.52,69143.14,0.12578491702397918,0.5068632200613652,0.08316870060446625,Medium,Low,Medium,Medium,Medium_Recovery,High_Consumption
Andorra,2005,0.5616394104583081,0.09334681015518165,0.5845162224797219,33356.33,347.05,26.53,43.36,15081.15,17.86,57.59,37095.36,0.07366110548652371,0.46240800978153035,0.06571486462725197,Medium,Low,Low,Medium,High_Recovery,High_Consumption
Antarctica (the territory South of 60 deg S),2007,0.1792045225116092,0.15839229442891972,0.3929606025492468,70079.1,434.72,28.68,7.81,33193.65,9.34,191.29,67937.69,0.027169464253971893,0.20813435762567195,0.1537875937357698,Low,Low,Low,Low,High_Recovery,Medium_Consumption
Sierra Leone,2013,0.5631738340399759,0.21107081277127054,0.2381228273464658,16166.55,444.92,34.23,45.55,4247.85,2.54,124.11,12882.29,0.04342341402710774,0.3986204350935472,0.4653836447741596,Medium,Low,Low,Medium,High_Recovery,Low_Consumption
Jordan,2006,0.48713910761154866,0.2503121469766336,0.9740005793742756,67689.89,219.5,28.2,48.56,22945.47,1.52,33.0,22023.21,0.08140583675002776,0.6048169423489513,0.32165623681735317,Medium,Low,Medium,Medium,Medium_Recovery,Low_Consumption
Saint Barthelemy,2009,0.9966888754290331,0.8413104227361913,0.5808227114716106,99739.36,390.35,1.92,5.04,49764.74,10.98,107.53,52367.75,0.04398405785505097,0.9999999999999998,0.11854877548515032,High,Medium,Low,Medium,High_Recovery,Medium_Consumption
Lao People's Democratic Republic,2008,0.581909953563497,0.09061180807420177,0.6920625724217845,97132.98,307.89,29.29,30.2,38583.28,3.58,37.27,9183.19,0.10134130232547559,0.5071861951230765,0.2476017648792576,Medium,Low,Medium,Medium,Medium_Recovery,Low_Consumption
Ghana,2015,0.7803351504138908,0.7458826327367859,0.6896726535341831,75531.18,413.92,17.25,49.04,34764.96,1.07,35.9,9881.3,0.14182695729853337,0.8740397259325905,0.742097602626908,High,Medium,Medium,Medium,High_Recovery,Low_Consumption
Saint Vincent and the Grenadines,2009,0.4006864526549567,0.2558416077055711,0.14882676709154113,57950.23,362.9,45.89,9.94,33545.17,10.54,141.91,48902.85,0.030695481802090436,0.2947147438115671,0.11431548892193312,Medium,Low,Low,Low,High_Recovery,Medium_Consumption
Bahrain,2002,0.1381788814859681,0.35745288067067005,0.7731749710312862,9918.21,203.13,39.99,17.7,38620.92,1.88,181.04,48475.25,0.012919037136987646,0.38304842318960924,0.25991926095612333,Low,Low,Medium,Low,Medium_Recovery,Low_Consumption
Egypt,2012,0.8708257621643449,0.5567512931803318,0.24384414831981463,43761.63,470.18,4.24,6.4,13238.16,5.09,159.1,22212.55,0.0356249190444224,0.7103375089394881,0.28478256835968013,High,Medium,Low,Medium,High_Recovery,Low_Consumption
United Arab Emirates,2001,0.11899858671512217,0.8119983352161245,0.4985515643105446,78850.46,290.25,8.32,24.43,39146.2,9.17,33.09,15479.03,0.10766376900801687,0.46097769165109453,0.10348458142381173,Low,Medium,Low,Medium,Medium_Recovery,Medium_Consumption
Ecuador,2005,0.2307288512012922,0.3411023247517688,0.6871378910776361,15653.23,272.72,42.2,31.56,14225.73,11.81,24.27,68696.56,0.1381993415302643,0.4021731607723718,0.07647469729445379,Medium,Low,Medium,Medium,Medium_Recovery,Medium_Consumption
Switzerland,2016,0.7893397940642036,0.40947737677626495,0.33480590961761303,34280.65,324.28,17.62,33.13,3588.18,8.67,198.76,30311.55,0.01922953747932868,0.6356149214478508,0.12209226294485653,High,Medium,Low,Medium,Medium_Recovery,Medium_Consumption
Morocco,2017,0.9570361397133054,0.3481776562221297,0.9747972190034762,48109.61,355.02,19.39,37.03,19735.23,15.07,115.33,53648.63,0.037148966595535945,0.911504833091102,0.07946425126593781,High,Low,Medium,Medium,High_Recovery,High_Consumption
Malta,2003,0.10002018978396934,0.6801831262262917,0.7618047508690614,74786.19,28.87,27.18,23.27,49799.95,18.02,88.74,8708.83,0.0030515241734991065,0.4828477172584031,0.002817137231906438,Low,Medium,Medium,Medium,Low_Recovery,High_Consumption
Suriname,2014,0.5119725418938019,0.6053867649681907,0.052578215527230576,55267.09,63.56,9.13,24.58,13282.81,4.99,74.56,2297.64,0.009580474112620094,0.46326158673033885,0.036692690554874556,Medium,Medium,Low,Medium,Low_Recovery,Low_Consumption
Montenegro,2012,0.7923278820916618,0.5763719602830132,0.35211471610660494,26993.24,233.88,30.68,14.5,40733.64,2.65,41.83,34413.59,0.0682731035230652,0.7075922209149421,0.2358735543803182,High,Medium,Low,Medium,Medium_Recovery,Low_Consumption
Eritrea,2014,0.8072279426610138,0.6501575599024911,0.1477404403244496,40454.18,440.11,10.18,12.8,9307.51,4.94,141.72,30756.08,0.03748576692269014,0.6796318084296491,0.2731866711656979,High,Medium,Low,Medium,High_Recovery,Low_Consumption
Kuwait,2017,0.6186553603876439,0.5374873654795173,0.535486674391657,44014.62,440.11,6.73,11.26,3935.22,5.12,133.45,14548.22,0.03986939338156127,0.651694465591621,0.2650683116866778,High,Medium,Low,Medium,High_Recovery,Low_Consumption
Gibraltar,2016,0.6898445386634364,0.9831737915452762,0.10052143684820394,70089.18,130.4,39.33,29.99,48981.39,8.55,195.63,3262.7,0.00727792737032063,0.7267400281449694,0.048030678514116416,High,Medium,Low,Medium,Low_Recovery,Medium_Consumption
Armenia,2012,0.051322430849989914,0.2809322789702122,0.48631228273464655,76441.26,273.56,16.11,42.95,10433.12,4.4,30.44,46525.43,0.11033075102730962,0.212356103075184,0.1858882330548333,Low,Low,Low,Low,Medium_Recovery,Low_Consumption
Haiti,2016,0.39160104986876654,0.3218978536179321,0.3127896871378911,48611.33,492.08,43.03,21.21,19935.41,17.88,90.24,41929.16,0.06656154224229513,0.367384132696611,0.09425951945184907,Medium,Low,Low,Low,High_Recovery,High_Consumption
Pakistan,2011,0.6407026044821322,0.5092454961650514,0.55779258400927,20612.74,29.23,35.78,23.78,32451.42,1.93,195.12,33366.68,0.0008774940462872845,0.6604378619050915,0.034327402772089566,High,Medium,Low,Medium,Low_Recovery,Low_Consumption
Malawi,2015,0.8107813446396126,0.7763838515964089,0.6452780996523755,40136.56,199.82,14.3,17.98,5867.31,11.91,107.19,63688.52,0.02211108753236796,0.8891272752439612,0.05482383998467636,High,Medium,Medium,Medium,Medium_Recovery,Medium_Consumption
Mayotte,2004,0.8298405007066427,0.445032403829003,0.3437862108922364,57561.74,384.93,5.25,44.27,27261.29,1.56,25.18,3986.42,0.18836415622224614,0.6754100629801372,0.5573251630617877,High,Medium,Low,Medium,High_Recovery,Low_Consumption
Sweden,2000,0.47494447809408447,0.07253701171294369,0.8958574739281575,56555.59,481.67,43.98,10.65,21847.05,9.0,5.96,21813.56,1.0,0.5039795141532286,0.1766035812468387,Medium,Low,Medium,Medium,High_Recovery,Medium_Consumption
Moldova,2005,0.604724409448819,0.6135323146441524,0.7350811123986095,99710.8,103.03,19.21,5.52,30891.33,4.72,186.28,1708.8,0.005872491341645594,0.7368214639998152,0.06426516112047498,High,Medium,Medium,Medium,Low_Recovery,Low_Consumption
Chad,2017,0.08778518069856658,0.46203698198466026,0.01332560834298957,52900.53,225.38,41.64,34.18,5759.36,12.38,153.94,7658.75,0.01715569172333664,0.152790273836713,0.05991504021220744,Low,Medium,Low,Low,Medium_Recovery,Medium_Consumption
Austria,2010,0.2643650312941652,0.9601641001248588,0.374710312862109,24989.19,443.35,15.83,11.48,22358.29,3.97,189.61,9541.76,0.027982588040514785,0.5620688859667335,0.3294872300249382,Medium,Medium,Low,Medium,High_Recovery,Low_Consumption
Bangladesh,2013,0.37314758732081577,0.870860336524169,0.7261732329084589,27359.45,389.1,26.73,44.82,13320.31,7.78,185.63,42523.65,0.02498381504055544,0.7015249036842226,0.16225942475333802,Medium,Medium,Medium,Medium,High_Recovery,Medium_Consumption
Afghanistan,2002,0.613607914395316,0.6407634223199953,0.24587195828505218,43576.51,150.1,9.58,34.61,2225.61,9.43,32.05,41544.61,0.057028170546546776,0.5966272175698433,0.050775285634410555,High,Medium,Low,Medium,Low_Recovery,Medium_Consumption
United Kingdom,2007,0.7301433474661823,0.9318627742434152,0.03172074159907298,68789.06,91.58,19.34,48.87,3985.41,4.29,194.06,14801.69,0.004867065641878696,0.7079382656239186,0.061656160373578496,High,Medium,Low,Medium,Low_Recovery,Low_Consumption
Vietnam,2017,0.9383000201897842,0.41964444972947257,0.7081402085747394,58025.81,154.27,2.83,11.11,36513.48,7.49,109.68,47271.44,0.016443134002096294,0.8435877915426673,0.06485582782217619,High,Medium,Medium,Medium,Low_Recovery,Medium_Consumption
Finland,2011,0.40323036543508994,0.6121648136036626,0.5584443800695249,12140.46,460.33,10.9,11.17,38973.24,5.76,101.97,3018.88,0.05493572293835178,0.56490645258034,0.25084756433248706,Medium,Medium,Low,Medium,High_Recovery,Medium_Consumption
Kenya,2017,0.661175045427014,0.40240204530590407,0.5419322132097335,41944.62,348.08,5.54,41.27,1428.86,7.05,129.8,11043.43,0.03223638274214723,0.6256257641820657,0.15824763130550823,High,Low,Low,Medium,High_Recovery,Medium_Consumption
Norway,2002,0.28798707853825967,0.9101016707295321,0.48855735805330247,37161.5,452.8,25.79,43.71,25136.22,1.13,59.82,52487.66,0.09277418703065266,0.5924054721203313,0.7891151020274826,Medium,Medium,Low,Medium,High_Recovery,Low_Consumption
United States Minor Outlying Islands,2010,0.9714516454673936,0.07325049051667759,0.5662659327925841,19858.48,237.15,40.15,45.21,32816.83,11.59,179.3,20138.92,0.015403938824024596,0.6829307679885575,0.06733540986882057,High,Low,Low,Medium,Medium_Recovery,Medium_Consumption
Bermuda,2001,0.05681405208964266,0.3406266722159462,0.5428736964078795,35107.97,326.59,45.34,36.29,542.95,5.97,193.95,41002.84,0.019878204813049243,0.2566728954714283,0.17172155447050858,Low,Low,Low,Low,Medium_Recovery,Medium_Consumption
Martinique,2007,0.7797294568948114,0.31012545335632324,0.31988702201622254,65885.58,54.32,8.55,46.86,2372.86,2.67,151.08,25302.03,0.003475266576800193,0.5868226174821787,0.052302364904713954,High,Low,Low,Medium,Low_Recovery,Low_Consumption
Faroe Islands,2000,0.17573187966888756,0.6533087579523158,0.4666135573580533,77198.45,255.32,17.67,33.05,19828.95,9.58,198.82,60004.53,0.014927497774027907,0.4216439430641104,0.08706490803380859,Low,Medium,Low,Medium,Medium_Recovery,Medium_Consumption
Sudan,2004,0.49783969311528375,0.7113383673226709,0.8713789107763615,17756.27,98.09,24.69,25.45,8004.57,8.66,133.71,54875.35,0.008108242838429498,0.7571227535930976,0.03499102646705642,Medium,Medium,Medium,Medium,Low_Recovery,Medium_Consumption
Fiji,2019,0.009610337169392302,0.6052083952672572,0.5987108922363846,35621.92,296.87,43.82,24.09,16826.63,15.33,160.12,43293.99,0.02198575065140977,0.35015110618958617,0.0648879973907441,Low,Medium,Low,Low,Medium_Recovery,High_Consumption
Burundi,2019,0.857419745608722,0.3930079077234081,0.8642091541135573,82336.82,448.22,16.21,41.9,19870.85,4.79,145.98,35838.74,0.0370514110477377,0.8367591759521997,0.2855556853419286,High,Low,Medium,Medium,High_Recovery,Low_Consumption
Belgium,2013,0.9383807793256613,0.8905404601938284,0.15425840092699886,80476.81,277.74,17.04,22.31,683.34,6.26,184.54,5715.26,0.01766304347270176,0.8499088748933028,0.13968192386174216,High,Medium,Low,Medium,Medium_Recovery,Medium_Consumption
Palestinian Territory,2015,0.5218655360387645,0.7826862476960581,0.5301998841251448,62695.03,202.6,38.7,15.16,35526.48,3.56,68.4,57551.47,0.035708399184321955,0.6898516621680852,0.1626811241172899,Medium,Medium,Low,Medium,Medium_Recovery,Low_Consumption
Dominica,2002,0.195396729254997,0.9421487603305786,0.44727694090382386,44605.88,168.5,5.81,24.11,38664.04,15.99,23.35,53663.84,0.08840078146663442,0.5387916118762541,0.03410942753438788,Low,Medium,Low,Medium,Low_Recovery,High_Consumption
Christmas Island,2003,0.7901877649909148,0.7492122004875438,0.8224942062572422,92497.11,22.21,49.13,5.33,24167.9,19.08,96.32,37489.87,0.0018780160302552548,0.9232703531962996,0.0012830184721404673,High,Medium,Medium,Medium,Low_Recovery,High_Consumption
China,2011,0.5141934181304261,0.5198287650871039,0.5407734646581691,24115.47,232.3,26.29,27.42,20493.68,18.16,8.98,50391.0,0.3194231839298627,0.5868456871294436,0.042329954617514785,Medium,Medium,Low,Medium,Medium_Recovery,High_Consumption
Taiwan,2011,0.7038562487381387,0.4484214281467388,0.4520567786790266,68850.56,449.34,49.64,37.89,36524.49,11.77,135.92,67534.2,0.039968181136163315,0.6392368560684707,0.12824853206229284,High,Medium,Low,Medium,High_Recovery,Medium_Consumption
New Caledonia,2017,0.6198263678578642,0.1623758844164338,0.7783893395133256,16443.13,448.94,11.05,37.05,40707.64,11.28,24.26,12852.37,0.22822419422179838,0.5841926776939579,0.13335781728208304,High,Low,Medium,Medium,High_Recovery,Medium_Consumption
Antigua and Barbuda,2002,0.6792247122955786,0.8567096735834473,0.5046349942062572,73120.19,442.45,2.79,17.12,3969.93,4.98,5.93,53027.23,0.9231469636998336,0.8003322029206172,0.27279811881354277,High,Medium,Low,Medium,High_Recovery,Low_Consumption
Bhutan,2014,0.36192206743387856,0.11968606932635711,0.735515643105446,9495.63,54.19,19.99,46.7,11679.42,8.53,123.89,1298.7,0.004439612810097408,0.4066256026945347,0.018345994564173188,Medium,Low,Medium,Medium,Low_Recovery,Medium_Consumption
Cote d'Ivoire,2018,0.660004037956794,0.2304536536060408,0.8868771726535343,74218.58,168.8,43.38,30.94,19528.98,10.67,44.85,51049.11,0.04563763670819176,0.6681200544443675,0.051048206038430195,High,Low,Medium,Medium,Medium_Recovery,Medium_Consumption
French Southern Territories,2000,0.9836866545527965,0.24763660146263156,0.620002896871379,25061.78,327.8,6.68,6.51,34618.43,17.31,72.12,64772.01,0.05531764235774475,0.7747018248090987,0.06385740762896436,High,Low,Low,Medium,Medium_Recovery,High_Consumption
Peru,2015,0.08645265495659196,0.7451691539330519,0.36080533024333716,62479.24,358.62,16.24,6.7,39101.58,4.72,65.95,64512.93,0.06637255713944717,0.372574803331257,0.23072912522602573,Low,Medium,Low,Low,High_Recovery,Low_Consumption
Guyana,2004,0.27732687260246325,0.7511148106308342,0.6205098493626883,15620.03,90.36,3.16,26.75,6499.58,9.73,122.02,59739.48,0.008194097733265524,0.5666597457724871,0.02853493267312964,Medium,Medium,Low,Medium,Low_Recovery,Medium_Consumption
South Georgia and the South Sandwich Islands,2005,0.40201897839693135,0.20613591771211132,0.3168453070683661,83412.03,369.3,42.56,21.59,26997.55,9.52,39.83,33755.37,0.11386125280046817,0.32971139871271365,0.1279408342656882,Medium,Low,Low,Low,High_Recovery,Medium_Consumption
Spain,2004,0.6748233393902686,0.39461323503180923,0.055909617612977996,29480.82,54.68,43.72,31.11,49584.27,0.78,105.76,49171.17,0.00542570813574987,0.4755807783698986,0.11160325463689183,High,Low,Low,Medium,Low_Recovery,Low_Consumption
Chile,2013,0.40807591358772477,0.08983887270349011,0.9722624565469293,34983.87,356.05,17.33,48.28,17005.27,8.85,156.48,13773.68,0.027204146884203726,0.4968279235010496,0.13182510084646362,Medium,Low,Medium,Medium,High_Recovery,Medium_Consumption
Lebanon,2010,0.2010094891984656,0.9401272370533326,0.8221320973348784,80623.8,320.7,44.57,8.6,15489.99,17.52,153.65,47473.27,0.02487365694958683,0.6606224190832122,0.06167294486080096,Medium,Medium,Medium,Medium,Medium_Recovery,High_Consumption
Denmark,2015,0.014294367050272594,0.47155003270111184,0.18416859791425258,31206.69,51.8,6.05,37.86,3232.14,5.33,39.95,8405.39,0.015081627300667923,0.16891595727501324,0.02764830903247178,Low,Medium,Low,Low,Low_Recovery,Low_Consumption
Nicaragua,2007,0.7091055925701596,0.04768416671621381,0.6843858632676709,47647.84,356.57,38.54,28.69,49852.28,8.97,17.63,58597.21,0.24952547001254466,0.5607539160726231,0.13039859006440985,High,Low,Medium,Medium,High_Recovery,Medium_Consumption
Mauritania,2018,0.9266707046234608,0.7725191747428504,0.7680330243337196,33855.8,366.17,37.53,43.67,32530.18,4.84,170.04,68709.78,0.025693879938713287,0.9929406879368814,0.230746032077162,High,Medium,Medium,Medium,High_Recovery,Low_Consumption
Macao,2017,0.5536038764385223,0.5229205065699506,0.1479577056778679,74261.29,487.84,2.1,38.78,18585.09,18.59,135.74,30262.34,0.043535445251423735,0.48543151775209353,0.08993411885608535,Medium,Medium,Low,Medium,High_Recovery,High_Consumption
Rwanda,2000,0.7317989097516658,0.9999999999999999,0.27875144843568944,21975.66,309.92,38.17,17.57,42740.43,18.95,191.57,36483.32,0.019059536648469894,0.8140125037488175,0.055035863438141625,High,Medium,Low,Medium,Medium_Recovery,High_Consumption
Palestinian Territory,2012,0.5632142136079146,0.09834116178131874,0.40715527230590964,55096.0,88.35,32.3,28.26,17333.11,18.32,195.19,29122.88,0.0046282688944918205,0.40874801024292334,0.014198613778104618,Medium,Low,Low,Medium,Low_Recovery,High_Consumption
Nepal,2002,0.5872400565313952,0.618051013734467,0.318148899188876,75285.16,279.67,11.28,28.55,42138.49,18.02,79.49,53537.25,0.04259877062707503,0.5957736406210348,0.05194065087601133,Medium,Medium,Low,Medium,Medium_Recovery,High_Consumption
Latvia,2019,0.3495659196446599,0.07848266841072599,0.08929606025492468,55331.21,31.51,10.83,32.45,38142.43,8.65,98.6,22685.34,0.002980202315402471,0.17772856253027886,0.009326927323902804,Medium,Low,Low,Low,Low_Recovery,Medium_Consumption
Bolivia,2012,0.8220472440944884,0.9348950591592843,0.6596900347624565,62681.16,93.73,15.04,16.04,14852.95,1.36,121.03,33147.22,0.008613995254231234,0.9616582462454148,0.1451206414459432,High,Medium,Medium,Medium,Low_Recovery,Low_Consumption
Sweden,2005,0.22721582879063199,0.3873000772935371,0.03606604866743915,99237.91,174.24,27.08,33.38,10554.46,19.83,102.8,36861.2,0.02001511696064719,0.21069508847209723,0.028324855907196363,Medium,Low,Low,Low,Medium_Recovery,High_Consumption
Mexico,2014,0.9709670906521302,0.22510256257803674,0.9424971031286211,69812.04,436.94,38.87,34.87,27946.54,14.8,12.15,35211.31,0.44443895743334955,0.8614206288785842,0.10018614357307745,High,Low,Medium,Medium,High_Recovery,High_Consumption
Latvia,2011,0.457863920856047,0.7388073012664248,0.1727983777520278,67157.8,432.71,33.89,35.09,48391.89,10.33,133.69,25926.28,0.03911049089886993,0.522412162318038,0.1394409972072065,Medium,Medium,Low,Medium,High_Recovery,Medium_Consumption
Holy See (Vatican City State),2011,0.40658186957399567,0.4412271835424223,0.023392236384704515,38284.06,89.44,14.36,35.78,33206.34,8.8,80.11,20890.72,0.012850267013758255,0.33005744342169013,0.03116238633932622,Medium,Medium,Low,Low,Low_Recovery,Medium_Consumption
Dominican Republic,2007,0.003472642842721585,0.12105357036684705,0.10023174971031285,90697.99,80.86,8.72,29.26,15294.08,8.19,143.48,50827.42,0.00600217905091017,0.0,0.029941066117019056,Low,Low,Low,Low,Low_Recovery,Medium_Consumption
Germany,2007,0.17548960226125584,0.5257149652179083,0.1859791425260718,53153.11,386.89,6.61,31.08,19810.18,16.29,86.1,6675.11,0.05467722018417472,0.282603178997393,0.08052383255661628,Low,Medium,Low,Low,High_Recovery,High_Consumption
Guyana,2011,0.5098324247930548,0.1657054521671919,0.023899188876013888,26290.18,35.14,47.96,32.59,5785.02,14.08,77.84,35066.18,0.004613442641710781,0.28230327358294677,0.005843510099821973,Medium,Low,Low,Low,Low_Recovery,High_Consumption
Honduras,2017,0.562729658792651,0.028836434984244014,0.6423812282734647,6950.89,160.95,28.42,45.66,34597.71,2.41,3.43,27549.9,0.5802119161300717,0.4564329711398712,0.17299893866860896,Medium,Low,Low,Medium,Low_Recovery,Low_Consumption
Cuba,2001,0.5067231980617808,0.3539449432189785,0.3856460023174971,20868.91,367.78,6.02,29.08,24581.93,10.16,69.64,32529.26,0.06443300797824812,0.4687983020739613,0.11993359698625752,Medium,Low,Low,Medium,High_Recovery,Medium_Consumption
El Salvador,2005,0.3419745608721988,0.9184255901064272,0.48841251448435696,69956.14,480.87,27.58,5.49,44318.1,2.12,62.31,51796.04,0.0946073481264894,0.6264332018363441,0.5713390537369237,Medium,Medium,Low,Medium,High_Recovery,Low_Consumption
Luxembourg,2019,0.11689884918231377,0.866817289969677,0.6243482039397451,27856.86,151.5,27.92,25.43,22180.2,15.19,89.67,48406.21,0.01994806856397331,0.5211202620711928,0.03202331615952845,Low,Medium,Low,Medium,Low_Recovery,High_Consumption
Puerto Rico,2004,0.5169392287502524,0.465485462869374,0.5901651216685979,47031.12,98.54,14.28,45.77,9878.49,14.02,112.65,59035.22,0.009856390416007731,0.5830622649779684,0.021603227011096095,Medium,Medium,Low,Medium,Low_Recovery,High_Consumption
Kuwait,2008,0.25891378962245115,0.8735358820381712,0.0414252607184241,94572.47,450.29,47.22,30.83,2267.07,8.43,43.92,16585.27,0.12600667452348546,0.4191754908067456,0.1750530541939481,Medium,Medium,Low,Medium,High_Recovery,Medium_Consumption
Kenya,2016,0.5418130426004443,0.9382246269100422,0.215454808806489,7593.18,480.61,40.4,19.92,1755.55,4.75,177.67,29102.47,0.032526296482228406,0.6613375781484301,0.30854721484200015,Medium,Medium,Low,Medium,High_Recovery,Low_Consumption
Indonesia,2006,0.7997173430244298,0.5477138949997027,0.7195104287369641,66376.91,11.73,29.13,20.88,49820.99,7.49,148.56,68962.4,0.0,0.8177267169584976,0.0023095502921426556,High,Medium,Medium,Medium,Low_Recovery,Medium_Consumption
Kiribati,2015,0.25132243084998995,0.1298531422795648,0.004924681344148307,66635.18,385.04,9.39,49.0,12305.01,5.16,83.71,30529.35,0.05599250250009998,0.1146561469075138,0.23002386800719862,Medium,Low,Low,Low,High_Recovery,Low_Consumption
Moldova,2017,0.44575005047446004,0.9519590938819192,0.9254779837775202,91374.01,15.98,16.26,18.26,19743.99,19.98,89.06,60117.39,0.0012444128787617657,0.8379587976099845,0.0,Medium,Medium,Medium,Medium,Low_Recovery,High_Consumption
Peru,2000,0.379446799919241,0.5383792139841846,0.6565034762456546,36661.7,253.84,44.72,12.54,39740.59,0.81,33.59,62738.07,0.09262105279456961,0.5539253004821558,0.5196234611954924,Medium,Medium,Medium,Medium,Medium_Recovery,Low_Consumption
Norfolk Island,2017,0.48701796890773275,0.5904631666567572,0.9330098493626882,11681.25,254.33,27.49,36.28,32348.68,13.55,145.87,56368.11,0.020617027327486395,0.7236717650587121,0.062281340711473836,Medium,Medium,Medium,Medium,Medium_Recovery,High_Consumption
Romania,2008,0.24437714516454676,0.454723824246388,0.8353128621089223,29957.06,405.65,3.49,31.89,25234.37,3.66,179.65,65796.66,0.026989019547605915,0.5012572957759476,0.32145574205851085,Medium,Medium,Medium,Medium,High_Recovery,Low_Consumption
Spain,2004,0.3416919038966284,0.7502229621261669,0.46625144843568944,88456.83,307.91,2.42,18.68,48265.22,9.46,145.99,26353.46,0.025144976850842122,0.5539483701294206,0.10682655740618013,Medium,Medium,Low,Medium,Medium_Recovery,Medium_Consumption
Norfolk Island,2010,0.7817484352917425,0.8800166478387538,0.6394843568945539,39265.8,251.8,45.26,40.33,40683.02,11.62,83.42,1882.22,0.036407851579613904,0.9109050222622095,0.0714932432659267,High,Medium,Low,Medium,Medium_Recovery,Medium_Consumption
Mali,2005,0.6868564506359783,0.43296272073250497,0.35761877172653533,97999.49,116.27,3.47,16.72,48345.42,11.88,167.27,47516.96,0.007631406976975832,0.5934436062472603,0.030792243324128422,High,Medium,Low,Medium,Low_Recovery,Medium_Consumption
Papua New Guinea,2003,0.9038158691702001,0.6399310303823057,0.7455098493626884,51345.49,333.14,19.8,33.32,1312.71,19.54,119.99,47374.59,0.03340973050156523,0.9212632938842362,0.05758495654664026,High,Medium,Medium,Medium,Medium_Recovery,High_Consumption
Philippines,2003,0.869008681607107,0.5327902966882692,0.894481460023175,71259.19,232.33,5.22,31.02,17294.61,9.54,29.58,28349.51,0.09630310897100232,0.9072600179943247,0.0792802071161326,High,Medium,Medium,Medium,Medium_Recovery,Medium_Consumption
Moldova,2012,0.4853220270543107,0.9120042808728225,0.8251013904982619,90483.33,226.52,20.2,30.78,17217.07,3.2,61.34,37063.7,0.04476076306074206,0.8130897178582137,0.19808545437457475,Medium,Medium,Medium,Medium,Medium_Recovery,Low_Consumption
Western Sahara,2016,0.25903492832626696,0.48011177834591834,0.7969293163383546,48981.55,304.6,35.53,34.53,36190.09,14.21,197.69,47679.79,0.0181059150959038,0.5072554040648718,0.07176833419040003,Medium,Medium,Medium,Medium,Medium_Recovery,High_Consumption
Mauritania,2013,0.38509993943064813,0.22284321303287946,0.050767670915411345,60113.53,13.22,44.67,18.13,20572.64,4.11,105.53,9226.03,0.0005736375444853501,0.24176990333817788,0.006800360917933181,Medium,Low,Low,Low,Low_Recovery,Low_Consumption
Czech Republic,2008,0.7949121744397336,0.0837743028717522,0.6171784472769409,9714.05,442.26,31.84,38.18,10978.07,17.5,67.75,28241.99,0.07987381918527843,0.6023715597388515,0.08622155596196623,High,Low,Low,Medium,High_Recovery,High_Consumption
Afghanistan,2006,0.22128003230365437,0.30447707949343006,0.5280272305909618,20688.64,146.28,34.82,6.23,32865.57,12.72,186.7,48957.56,0.008726294768057622,0.33187994555563244,0.03688190048020284,Medium,Low,Low,Low,Low_Recovery,High_Consumption
Pitcairn Islands,2002,0.7066020593579649,0.4098935727451096,0.736167439165701,96712.35,318.03,22.85,26.81,26394.42,14.23,118.55,68452.39,0.03224878633668757,0.7163586868756775,0.07495546130133621,High,Medium,Medium,Medium,Medium_Recovery,High_Consumption
Barbados,2013,0.806541490006057,0.15066294072180275,0.8377027809965237,56508.07,411.86,18.43,10.71,47034.44,0.53,75.78,52158.82,0.06633772083647282,0.7052160472466376,1.0,High,Low,Medium,Medium,High_Recovery,Low_Consumption
Cuba,2009,0.41514233797698386,0.0039241334205362965,0.07068366164542295,71534.45,111.74,17.28,8.46,43574.9,12.73,2.32,62577.51,0.5955651878994594,0.18033543267123447,0.02748114590375602,Medium,Low,Low,Low,Low_Recovery,High_Consumption
Saint Kitts and Nevis,2011,0.3552190591560672,0.5222070277662167,0.2106025492468134,4935.49,100.57,10.71,40.27,27059.79,8.01,128.12,12641.9,0.008744430831613824,0.3917687498558147,0.03874547226606655,Medium,Medium,Low,Low,Low_Recovery,Medium_Consumption
Saint Helena,2012,0.5395114072279428,0.7597360128426185,0.5183951332560834,92304.74,36.98,38.16,16.34,37182.05,13.97,55.39,26095.99,0.00729111943725492,0.6872678616743948,0.006365196454791253,Medium,Medium,Low,Medium,Low_Recovery,High_Consumption
Solomon Islands,2008,0.7062386432465174,0.13104227361912124,0.09429316338354579,31187.82,181.02,40.66,32.71,12032.79,10.85,35.8,14736.96,0.061649495416328866,0.4034881306664821,0.05407140423068527,High,Low,Low,Medium,Medium_Recovery,Medium_Consumption
Latvia,2004,0.2646476882697356,0.2831321719483917,0.22588354577056782,49503.35,81.23,4.85,17.38,4065.66,6.28,92.96,14818.18,0.009844895363067556,0.25212817496020484,0.03873029074831204,Medium,Low,Low,Low,Low_Recovery,Medium_Consumption
Bangladesh,2002,0.2887946698970322,0.5341577977287592,0.38238702201622254,74694.68,25.89,46.22,16.56,36905.26,15.18,114.02,59238.04,0.0018344168049958794,0.41317738251782127,0.003123542416046157,Medium,Medium,Low,Medium,Low_Recovery,High_Consumption
Korea,2011,0.4014940440137291,0.688447589036209,0.18749999999999997,2818.85,293.27,38.46,38.36,24700.29,14.11,183.06,28895.94,0.01886450128231082,0.47535008189724776,0.06946865555336913,Medium,Medium,Low,Medium,Medium_Recovery,High_Consumption
Vanuatu,2002,0.754694124772865,0.4905166775670372,0.6576622247972189,68746.82,305.61,28.82,32.17,1443.62,12.44,40.65,17068.01,0.09213887886029723,0.7501095808245088,0.08187362188456888,High,Medium,Medium,Medium,Medium_Recovery,High_Consumption
Croatia,2010,0.3440339188370686,0.756882097627683,0.5695973348783314,36182.44,172.24,5.55,45.96,45405.35,11.72,166.62,30304.59,0.011825529509567624,0.5907905968117748,0.04760758622910208,Medium,Medium,Low,Medium,Medium_Recovery,Medium_Consumption
